Order ID,Item ID
1,1
2,2
3,3
4,4
5,1
6,2
7,3
8,4
9,1
10,2
11,3
12,4
13,1
14,2
15,3
16,4
17,1
18,2
19,3
20,4
21,1
22,2
23,3
24,4
25,1
26,2
27,3
28,4
29,1
30,2
31,3
32,4
33,1
34,2
35,3
36,4
37,1
38,2
39,3
40,4
41,1
42,2
43,3
44,4
45,1
46,2
47,3
48,4
49,1
50,2
51,3
52,4
53,1
54,2
55,3
56,4
57,1
58,2
59,3
60,4
61,1
62,2
63,3
64,4
65,1
66,2
67,3
68,4
69,1
70,2
71,3
72,4
73,1
74,2
75,3
76,4
77,1
78,2
79,3
80,4
81,1
82,2
83,3
84,4
85,1
86,2
87,3
88,4
89,1
90,2
91,3
92,4
93,1
94,2
95,3
96,4
97,1
98,2
99,3
100,4
101,1
102,2
103,3
104,4
105,1
106,2
107,3
108,4
109,1
110,2
111,3
112,4
113,1
114,2
115,3
116,4
117,1
118,2
119,3
120,4
121,1
122,2
123,3
124,4
125,1
126,2
127,3
128,4
129,1
130,2
131,3
132,4
133,1
134,2
135,3
136,4
137,1
138,2
139,3
140,4
141,1
142,2
143,3
144,4
145,1
146,2
147,3
148,4
149,1
150,2
151,3
152,4
153,1
154,2
155,3
156,4
157,1
158,2
159,3
160,4
161,1
162,2
163,3
164,4
165,1
166,2
167,3
168,4
169,1
170,2
171,3
172,4
173,1
174,2
175,3
176,4
177,1
178,2
179,3
180,4
181,1
182,2
183,3
184,4
185,1
186,2
187,3
188,4
189,1
190,2
191,3
192,4
193,1
194,2
195,3
196,4
197,1
198,2
199,3
200,4
201,1
202,2
203,3
204,4
205,1
206,2
207,3
208,4
209,1
210,2
211,3
212,4
213,1
214,2
215,3
216,4
217,1
218,2
219,3
220,4
221,1
222,2
223,3
224,4
225,1
226,2
227,3
228,4
229,1
230,2
231,3
232,4
233,1
234,2
235,3
236,4
237,1
238,2
239,3
240,4
241,1
242,2
243,3
244,4
245,1
246,2
247,3
248,4
249,1
250,2
251,3
252,4
253,1
254,2
255,3
256,4
257,1
258,2
259,3
260,4
261,1
262,2
263,3
264,4
265,1
266,2
267,3
268,4
269,1
270,2
271,3
272,4
273,1
274,2
275,3
276,4
277,1
278,2
279,3
280,4
281,1
282,2
283,3
284,4
285,1
286,2
287,3
288,4
289,1
290,2
291,3
292,4
293,1
294,2
295,3
296,4
297,1
298,2
299,3
300,4
301,1
302,2
303,3
304,4
305,1
306,2
307,3
308,4
309,1
310,2
311,3
312,4
313,1
314,2
315,3
316,4
317,1
318,2
319,3
320,4
321,1
322,2
323,3
324,4
325,1
326,2
327,3
328,4
329,1
330,2
331,3
332,4
333,1
334,2
335,3
336,4
337,1
338,2
339,3
340,4
341,1
342,2
343,3
344,4
345,1
346,2
347,3
348,4
349,1
350,2
351,3
352,4
353,1
354,2
355,3
356,4
357,1
358,2
359,3
360,4
361,1
362,2
363,3
364,4
365,1
366,2
367,3
368,4
369,1
370,2
371,3
372,4
373,1
374,2
375,3
376,4
377,1
378,2
379,3
380,4
381,1
382,2
383,3
384,4
385,1
386,2
387,3
388,4
389,1
390,2
391,3
392,4
393,1
394,2
395,3
396,4
397,1
398,2
399,3
400,4
401,1
402,2
403,3
404,4
405,1
406,2
407,3
408,4
409,1
410,2
411,3
412,4
413,1
414,2
415,3
416,4
417,1
418,2
419,3
420,4
421,1
422,2
423,3
424,4
425,1
426,2
427,3
428,4
429,1
430,2
431,3
432,4
433,1
434,2
435,3
436,4
437,1
438,2
439,3
440,4
441,1
442,2
443,3
444,4
445,1
446,2
447,3
448,4
449,1
450,2
451,3
452,4
453,1
454,2
455,3
456,4
457,1
458,2
459,3
460,4
461,1
462,2
463,3
464,4
465,1
466,2
467,3
468,4
469,1
470,2
471,3
472,4
473,1
474,2
475,3
476,4
477,1
478,2
479,3
480,4
481,1
482,2
483,3
484,4
485,1
486,2
487,3
488,4
489,1
490,2
491,3
492,4
493,1
494,2
495,3
496,4
497,1
498,2
499,3
500,4
501,1
502,2
503,3
504,4
505,1
506,2
507,3
508,4
509,1
510,2
511,3
512,4
513,1
514,2
515,3
516,4
517,1
518,2
519,3
520,4
521,1
522,2
523,3
524,4
525,1
526,2
527,3
528,4
529,1
530,2
531,3
532,4
533,1
534,2
535,3
536,4
537,1
538,2
539,3
540,4
541,1
542,2
543,3
544,4
545,1
546,2
547,3
548,4
549,1
550,2
551,3
552,4
553,1
554,2
555,3
556,4
557,1
558,2
559,3
560,4
561,1
562,2
563,3
564,4
565,1
566,2
567,3
568,4
569,1
570,2
571,3
572,4
573,1
574,2
575,3
576,4
577,1
578,2
579,3
580,4
581,1
582,2
583,3
584,4
585,1
586,2
587,3
588,4
589,1
590,2
591,3
592,4
593,1
594,2
595,3
596,4
597,1
598,2
599,3
600,4
601,1
602,2
603,3
604,4
605,1
606,2
607,3
608,4
609,1
610,2
611,3
612,4
613,1
614,2
615,3
616,4
617,1
618,2
619,3
620,4
621,1
622,2
623,3
624,4
625,1
626,2
627,3
628,4
629,1
630,2
631,3
632,4
633,1
634,2
635,3
636,4
637,1
638,2
639,3
640,4
641,1
642,2
643,3
644,4
645,1
646,2
647,3
648,4
649,1
650,2
651,3
652,4
653,1
654,2
655,3
656,4
657,1
658,2
659,3
660,4
661,1
662,2
663,3
664,4
665,1
666,2
667,3
668,4
669,1
670,2
671,3
672,4
673,1
674,2
675,3
676,4
677,1
678,2
679,3
680,4
681,1
682,2
683,3
684,4
685,1
686,2
687,3
688,4
689,1
690,2
691,3
692,4
693,1
694,2
695,3
696,4
697,1
698,2
699,3
700,4
701,1
702,2
703,3
704,4
705,1
706,2
707,3
708,4
709,1
710,2
711,3
712,4
713,1
714,2
715,3
716,4
717,1
718,2
719,3
720,4
721,1
722,2
723,3
724,4
725,1
726,2
727,3
728,4
729,1
730,2
731,3
732,4
733,1
734,2
735,3
736,4
737,1
738,2
739,3
740,4
741,1
742,2
743,3
744,4
745,1
746,2
747,3
748,4
749,1
750,2
751,3
752,4
753,1
754,2
755,3
756,4
757,1
758,2
759,3
760,4
761,1
762,2
763,3
764,4
765,1
766,2
767,3
768,4
769,1
770,2
771,3
772,4
773,1
774,2
775,3
776,4
777,1
778,2
779,3
780,4
781,1
782,2
783,3
784,4
785,1
786,2
787,3
788,4
789,1
790,2
791,3
792,4
793,1
794,2
795,3
796,4
797,1
798,2
799,3
800,4
801,1
802,2
803,3
804,4
805,1
806,2
807,3
808,4
809,1
810,2
811,3
812,4
813,1
814,2
815,3
816,4
817,1
818,2
819,3
820,4
821,1
822,2
823,3
824,4
825,1
826,2
827,3
828,4
829,1
830,2
831,3
832,4
833,1
834,2
835,3
836,4
837,1
838,2
839,3
840,4
841,1
842,2
843,3
844,4
845,1
846,2
847,3
848,4
849,1
850,2
851,3
852,4
853,1
854,2
855,3
856,4
857,1
858,2
859,3
860,4
861,1
862,2
863,3
864,4
865,1
866,2
867,3
868,4
869,1
870,2
871,3
872,4
873,1
874,2
875,3
876,4
877,1
878,2
879,3
880,4
881,1
882,2
883,3
884,4
885,1
886,2
887,3
888,4
889,1
890,2
891,3
892,4
893,1
894,2
895,3
896,4
897,1
898,2
899,3
900,4
901,1
902,2
903,3
904,4
905,1
906,2
907,3
908,4
909,1
910,2
911,3
912,4
913,1
914,2
915,3
916,4
917,1
918,2
919,3
920,4
921,1
922,2
923,3
924,4
925,1
926,2
927,3
928,4
929,1
930,2
931,3
932,4
933,1
934,2
935,3
936,4
937,1
938,2
939,3
940,4
941,1
942,2
943,3
944,4
945,1
946,2
947,3
948,4
949,1
950,2
951,3
952,4
953,1
954,2
955,3
956,4
957,1
958,2
959,3
960,4
961,1
962,2
963,3
964,4
965,1
966,2
967,3
968,4
969,1
970,2
971,3
972,4
973,1
974,2
975,3
976,4
977,1
978,2
979,3
980,4
981,1
982,2
983,3
984,4
985,1
986,2
987,3
988,4
989,1
990,2
991,3
992,4
993,1
994,2
995,3
996,4
997,1
998,2
999,3
1000,4
1001,1
1002,2
1003,3
1004,4
1005,1
1006,2
1007,3
1008,4
1009,1
1010,2
1011,3
1012,4
1013,1
1014,2
1015,3
1016,4
1017,1
1018,2
1019,3
1020,4
1021,1
1022,2
1023,3
1024,4
1025,1
1026,2
1027,3
1028,4
1029,1
1030,2
1031,3
1032,4
1033,1
1034,2
1035,3
1036,4
1037,1
1038,2
1039,3
1040,4
1041,1
1042,2
1043,3
1044,4
1045,1
1046,2
1047,3
1048,4
1049,1
1050,2
1051,3
1052,4
1053,1
1054,2
1055,3
1056,4
1057,1
1058,2
1059,3
1060,4
1061,1
1062,2
1063,3
1064,4
1065,1
1066,2
1067,3
1068,4
1069,1
1070,2
1071,3
1072,4
1073,1
1074,2
1075,3
1076,4
1077,1
1078,2
1079,3
1080,4
1081,1
1082,2
1083,3
1084,4
1085,1
1086,2
1087,3
1088,4
1089,1
1090,2
1091,3
1092,4
1093,1
1094,2
1095,3
1096,4
1097,1
1098,2
1099,3
1100,4
1101,1
1102,2
1103,3
1104,4
1105,1
1106,2
1107,3
1108,4
1109,1
1110,2
1111,3
1112,4
1113,1
1114,2
1115,3
1116,4
1117,1
1118,2
1119,3
1120,4
1121,1
1122,2
1123,3
1124,4
1125,1
1126,2
1127,3
1128,4
1129,1
1130,2
1131,3
1132,4
1133,1
1134,2
1135,3
1136,4
1137,1
1138,2
1139,3
1140,4
1141,1
1142,2
1143,3
1144,4
1145,1
1146,2
1147,3
1148,4
1149,1
1150,2
1151,3
1152,4
1153,1
1154,2
1155,3
1156,4
1157,1
1158,2
1159,3
1160,4
1161,1
1162,2
1163,3
1164,4
1165,1
1166,2
1167,3
1168,4
1169,1
1170,2
1171,3
1172,4
1173,1
1174,2
1175,3
1176,4
1177,1
1178,2
1179,3
1180,4
1181,1
1182,2
1183,3
1184,4
1185,1
1186,2
1187,3
1188,4
1189,1
1190,2
1191,3
1192,4
1193,1
1194,2
1195,3
1196,4
1197,1
1198,2
1199,3
1200,4
1201,1
1202,2
1203,3
1204,4
1205,1
1206,2
1207,3
1208,4
1209,1
1210,2
1211,3
1212,4
1213,1
1214,2
1215,3
1216,4
1217,1
1218,2
1219,3
1220,4
1221,1
1222,2
1223,3
1224,4
1225,1
1226,2
1227,3
1228,4
1229,1
1230,2
1231,3
1232,4
1233,1
1234,2
1235,3
1236,4
1237,1
1238,2
1239,3
1240,4
1241,1
1242,2
1243,3
1244,4
1245,1
1246,2
1247,3
1248,4
1249,1
1250,2
1251,3
1252,4
1253,1
1254,2
1255,3
1256,4
1257,1
1258,2
1259,3
1260,4
1261,1
1262,2
1263,3
1264,4
1265,1
1266,2
1267,3
1268,4
1269,1
1270,2
1271,3
1272,4
1273,1
1274,2
1275,3
1276,4
1277,1
1278,2
1279,3
1280,4
1281,1
1282,2
1283,3
1284,4
1285,1
1286,2
1287,3
1288,4
1289,1
1290,2
1291,3
1292,4
1293,1
1294,2
1295,3
1296,4
1297,1
1298,2
1299,3
1300,4
1301,1
1302,2
1303,3
1304,4
1305,1
1306,2
1307,3
1308,4
1309,1
1310,2
1311,3
1312,4
1313,1
1314,2
1315,3
1316,4
1317,1
1318,2
1319,3
1320,4
1321,1
1322,2
1323,3
1324,4
1325,1
1326,2
1327,3
1328,4
1329,1
1330,2
1331,3
1332,4
1333,1
1334,2
1335,3
1336,4
1337,1
1338,2
1339,3
1340,4
1341,1
1342,2
1343,3
1344,4
1345,1
1346,2
1347,3
1348,4
1349,1
1350,2
1351,3
1352,4
1353,1
1354,2
1355,3
1356,4
1357,1
1358,2
1359,3
1360,4
1361,1
1362,2
1363,3
1364,4
1365,1
1366,2
1367,3
1368,4
1369,1
1370,2
1371,3
1372,4
1373,1
1374,2
1375,3
1376,4
1377,1
1378,2
1379,3
1380,4
1381,1
1382,2
1383,3
1384,4
1385,1
1386,2
1387,3
1388,4
1389,1
1390,2
1391,3
1392,4
1393,1
1394,2
1395,3
1396,4
1397,1
1398,2
1399,3
1400,4
1401,1
1402,2
1403,3
1404,4
1405,1
1406,2
1407,3
1408,4
1409,1
1410,2
1411,3
1412,4
1413,1
1414,2
1415,3
1416,4
1417,1
1418,2
1419,3
1420,4
1421,1
1422,2
1423,3
1424,4
1425,1
1426,2
1427,3
1428,4
1429,1
1430,2
1431,3
1432,4
1433,1
1434,2
1435,3
1436,4
1437,1
1438,2
1439,3
1440,4
1441,1
1442,2
1443,3
1444,4
1445,1
1446,2
1447,3
1448,4
1449,1
1450,2
1451,3
1452,4
1453,1
1454,2
1455,3
1456,4
1457,1
1458,2
1459,3
1460,4
1461,1
1462,2
1463,3
1464,4
1465,1
1466,2
1467,3
1468,4
1469,1
1470,2
1471,3
1472,4
1473,1
1474,2
1475,3
1476,4
1477,1
1478,2
1479,3
1480,4
1481,1
1482,2
1483,3
1484,4
1485,1
1486,2
1487,3
1488,4
1489,1
1490,2
1491,3
1492,4
1493,1
1494,2
1495,3
1496,4
1497,1
1498,2
1499,3
1500,4
1501,1
1502,2
1503,3
1504,4
1505,1
1506,2
1507,3
1508,4
1509,1
1510,2
1511,3
1512,4
1513,1
1514,2
1515,3
1516,4
1517,1
1518,2
1519,3
1520,4
1521,1
1522,2
1523,3
1524,4
1525,1
1526,2
1527,3
1528,4
1529,1
1530,2
1531,3
1532,4
1533,1
1534,2
1535,3
1536,4
1537,1
1538,2
1539,3
1540,4
1541,1
1542,2
1543,3
1544,4
1545,1
1546,2
1547,3
1548,4
1549,1
1550,2
1551,3
1552,4
1553,1
1554,2
1555,3
1556,4
1557,1
1558,2
1559,3
1560,4
1561,1
1562,2
1563,3
1564,4
1565,1
1566,2
1567,3
1568,4
1569,1
1570,2
1571,3
1572,4
1573,1
1574,2
1575,3
1576,4
1577,1
1578,2
1579,3
1580,4
1581,1
1582,2
1583,3
1584,4
1585,1
1586,2
1587,3
1588,4
1589,1
1590,2
1591,3
1592,4
1593,1
1594,2
1595,3
1596,4
1597,1
1598,2
1599,3
1600,4
1601,1
1602,2
1603,3
1604,4
1605,1
1606,2
1607,3
1608,4
1609,1
1610,2
1611,3
1612,4
1613,1
1614,2
1615,3
1616,4
1617,1
1618,2
1619,3
1620,4
1621,1
1622,2
1623,3
1624,4
1625,1
1626,2
1627,3
1628,4
1629,1
1630,2
1631,3
1632,4
1633,1
1634,2
1635,3
1636,4
1637,1
1638,2
1639,3
1640,4
1641,1
1642,2
1643,3
1644,4
1645,1
1646,2
1647,3
1648,4
1649,1
1650,2
1651,3
1652,4
1653,1
1654,2
1655,3
1656,4
1657,1
1658,2
1659,3
1660,4
1661,1
1662,2
1663,3
1664,4
1665,1
1666,2
1667,3
1668,4
1669,1
1670,2
1671,3
1672,4
1673,1
1674,2
1675,3
1676,4
1677,1
1678,2
1679,3
1680,4
1681,1
1682,2
1683,3
1684,4
1685,1
1686,2
1687,3
1688,4
1689,1
1690,2
1691,3
1692,4
1693,1
1694,2
1695,3
1696,4
1697,1
1698,2
1699,3
1700,4
1701,1
1702,2
1703,3
1704,4
1705,1
1706,2
1707,3
1708,4
1709,1
1710,2
1711,3
1712,4
1713,1
1714,2
1715,3
1716,4
1717,1
1718,2
1719,3
1720,4
1721,1
1722,2
1723,3
1724,4
1725,1
1726,2
1727,3
1728,4
1729,1
1730,2
1731,3
1732,4
1733,1
1734,2
1735,3
1736,4
1737,1
1738,2
1739,3
1740,4
1741,1
1742,2
1743,3
1744,4
1745,1
1746,2
1747,3
1748,4
1749,1
1750,2
1751,3
1752,4
1753,1
1754,2
1755,3
1756,4
1757,1
1758,2
1759,3
1760,4
1761,1
1762,2
1763,3
1764,4
1765,1
1766,2
1767,3
1768,4
1769,1
1770,2
1771,3
1772,4
1773,1
1774,2
1775,3
1776,4
1777,1
1778,2
1779,3
1780,4
1781,1
1782,2
1783,3
1784,4
1785,1
1786,2
1787,3
1788,4
1789,1
1790,2
1791,3
1792,4
1793,1
1794,2
1795,3
1796,4
1797,1
1798,2
1799,3
1800,4
1801,1
1802,2
1803,3
1804,4
1805,1
1806,2
1807,3
1808,4
1809,1
1810,2
1811,3
1812,4
1813,1
1814,2
1815,3
1816,4
1817,1
1818,2
1819,3
1820,4
1821,1
1822,2
1823,3
1824,4
1825,1
1826,2
1827,3
1828,4
1829,1
1830,2
1831,3
1832,4
1833,1
1834,2
1835,3
1836,4
1837,1
1838,2
1839,3
1840,4
1841,1
1842,2
1843,3
1844,4
1845,1
1846,2
1847,3
1848,4
1849,1
1850,2
1851,3
1852,4
1853,1
1854,2
1855,3
1856,4
1857,1
1858,2
1859,3
1860,4
1861,1
1862,2
1863,3
1864,4
1865,1
1866,2
1867,3
1868,4
1869,1
1870,2
1871,3
1872,4
1873,1
1874,2
1875,3
1876,4
1877,1
1878,2
1879,3
1880,4
1881,1
1882,2
1883,3
1884,4
1885,1
1886,2
1887,3
1888,4
1889,1
1890,2
1891,3
1892,4
1893,1
1894,2
1895,3
1896,4
1897,1
1898,2
1899,3
1900,4
1901,1
1902,2
1903,3
1904,4
1905,1
1906,2
1907,3
1908,4
1909,1
1910,2
1911,3
1912,4
1913,1
1914,2
1915,3
1916,4
1917,1
1918,2
1919,3
1920,4
1921,1
1922,2
1923,3
1924,4
1925,1
1926,2
1927,3
1928,4
1929,1
1930,2
1931,3
1932,4
1933,1
1934,2
1935,3
1936,4
1937,1
1938,2
1939,3
1940,4
1941,1
1942,2
1943,3
1944,4
1945,1
1946,2
1947,3
1948,4
1949,1
1950,2
1951,3
1952,4
1953,1
1954,2
1955,3
1956,4
1957,1
1958,2
1959,3
1960,4
1961,1
1962,2
1963,3
1964,4
1965,1
1966,2
1967,3
1968,4
1969,1
1970,2
1971,3
1972,4
1973,1
1974,2
1975,3
1976,4
1977,1
1978,2
1979,3
1980,4
1981,1
1982,2
1983,3
1984,4
1985,1
1986,2
1987,3
1988,4
1989,1
1990,2
1991,3
1992,4
1993,1
1994,2
1995,3
1996,4
1997,1
1998,2
1999,3
2000,4
2001,1
2002,2
2003,3
2004,4
2005,1
2006,2
2007,3
2008,4
2009,1
2010,2
2011,3
2012,4
2013,1
2014,2
2015,3
2016,4
2017,1
2018,2
2019,3
2020,4
2021,1
2022,2
2023,3
2024,4
2025,1
2026,2
2027,3
2028,4
2029,1
2030,2
2031,3
2032,4
2033,1
2034,2
2035,3
2036,4
2037,1
2038,2
2039,3
2040,4
2041,1
2042,2
2043,3
2044,4
2045,1
2046,2
2047,3
2048,4
2049,1
2050,2
2051,3
2052,4
2053,1
2054,2
2055,3
2056,4
2057,1
2058,2
2059,3
2060,4
2061,1
2062,2
2063,3
2064,4
2065,1
2066,2
2067,3
2068,4
2069,1
2070,2
2071,3
2072,4
2073,1
2074,2
2075,3
2076,4
2077,1
2078,2
2079,3
2080,4
2081,1
2082,2
2083,3
2084,4
2085,1
2086,2
2087,3
2088,4
2089,1
2090,2
2091,3
2092,4
2093,1
2094,2
2095,3
2096,4
2097,1
2098,2
2099,3
2100,4
2101,1
2102,2
2103,3
2104,4
2105,1
2106,2
2107,3
2108,4
2109,1
2110,2
2111,3
2112,4
2113,1
2114,2
2115,3
2116,4
2117,1
2118,2
2119,3
2120,4
2121,1
2122,2
2123,3
2124,4
2125,1
2126,2
2127,3
2128,4
2129,1
2130,2
2131,3
2132,4
2133,1
2134,2
2135,3
2136,4
2137,1
2138,2
2139,3
2140,4
2141,1
2142,2
2143,3
2144,4
2145,1
2146,2
2147,3
2148,4
2149,1
2150,2
2151,3
2152,4
2153,1
2154,2
2155,3
2156,4
2157,1
2158,2
2159,3
2160,4
2161,1
2162,2
2163,3
2164,4
2165,1
2166,2
2167,3
2168,4
2169,1
2170,2
2171,3
2172,4
2173,1
2174,2
2175,3
2176,4
2177,1
2178,2
2179,3
2180,4
2181,1
2182,2
2183,3
2184,4
2185,1
2186,2
2187,3
2188,4
2189,1
2190,2
2191,3
2192,4
2193,1
2194,2
2195,3
2196,4
2197,1
2198,2
2199,3
2200,4
2201,1
2202,2
2203,3
2204,4
2205,1
2206,2
2207,3
2208,4
2209,1
2210,2
2211,3
2212,4
2213,1
2214,2
2215,3
2216,4
2217,1
2218,2
2219,3
2220,4
2221,1
2222,2
2223,3
2224,4
2225,1
2226,2
2227,3
2228,4
2229,1
2230,2
2231,3
2232,4
2233,1
2234,2
2235,3
2236,4
2237,1
2238,2
2239,3
2240,4
2241,1
2242,2
2243,3
2244,4
2245,1
2246,2
2247,3
2248,4
2249,1
2250,2
2251,3
2252,4
2253,1
2254,2
2255,3
2256,4
2257,1
2258,2
2259,3
2260,4
2261,1
2262,2
2263,3
2264,4
2265,1
2266,2
2267,3
2268,4
2269,1
2270,2
2271,3
2272,4
2273,1
2274,2
2275,3
2276,4
2277,1
2278,2
2279,3
2280,4
2281,1
2282,2
2283,3
2284,4
2285,1
2286,2
2287,3
2288,4
2289,1
2290,2
2291,3
2292,4
2293,1
2294,2
2295,3
2296,4
2297,1
2298,2
2299,3
2300,4
2301,1
2302,2
2303,3
2304,4
2305,1
2306,2
2307,3
2308,4
2309,1
2310,2
2311,3
2312,4
2313,1
2314,2
2315,3
2316,4
2317,1
2318,2
2319,3
2320,4
2321,1
2322,2
2323,3
2324,4
2325,1
2326,2
2327,3
2328,4
2329,1
2330,2
2331,3
2332,4
2333,1
2334,2
2335,3
2336,4
2337,1
2338,2
2339,3
2340,4
2341,1
2342,2
2343,3
2344,4
2345,1
2346,2
2347,3
2348,4
2349,1
2350,2
2351,3
2352,4
2353,1
2354,2
2355,3
2356,4
2357,1
2358,2
2359,3
2360,4
2361,1
2362,2
2363,3
2364,4
2365,1
2366,2
2367,3
2368,4
2369,1
2370,2
2371,3
2372,4
2373,1
2374,2
2375,3
2376,4
2377,1
2378,2
2379,3
2380,4
2381,1
2382,2
2383,3
2384,4
2385,1
2386,2
2387,3
2388,4
2389,1
2390,2
2391,3
2392,4
2393,1
2394,2
2395,3
2396,4
2397,1
2398,2
2399,3
2400,4
2401,1
2402,2
2403,3
2404,4
2405,1
2406,2
2407,3
2408,4
2409,1
2410,2
2411,3
2412,4
2413,1
2414,2
2415,3
2416,4
2417,1
2418,2
2419,3
2420,4
2421,1
2422,2
2423,3
2424,4
2425,1
2426,2
2427,3
2428,4
2429,1
2430,2
2431,3
2432,4
2433,1
2434,2
2435,3
2436,4
2437,1
2438,2
2439,3
2440,4
2441,1
2442,2
2443,3
2444,4
2445,1
2446,2
2447,3
2448,4
2449,1
2450,2
2451,3
2452,4
2453,1
2454,2
2455,3
2456,4
2457,1
2458,2
2459,3
2460,4
2461,1
2462,2
2463,3
2464,4
2465,1
2466,2
2467,3
2468,4
2469,1
2470,2
2471,3
2472,4
2473,1
2474,2
2475,3
2476,4
2477,1
2478,2
2479,3
2480,4
2481,1
2482,2
2483,3
2484,4
2485,1
2486,2
2487,3
2488,4
2489,1
2490,2
2491,3
2492,4
2493,1
2494,2
2495,3
2496,4
2497,1
2498,2
2499,3
2500,1
2500,3
2501,2
2501,4
2502,1
2502,3
2503,2
2503,4
2504,1
2504,3
2505,2
2505,4
2506,1
2506,3
2507,2
2507,4
2508,1
2508,3
2509,2
2509,4
2510,1
2510,3
2511,2
2511,4
2512,1
2512,3
2513,2
2513,4
2514,1
2514,3
2515,2
2515,4
2516,1
2516,3
2517,2
2517,4
2518,1
2518,3
2519,2
2519,4
2520,1
2520,3
2521,2
2521,4
2522,1
2522,3
2523,2
2523,4
2524,1
2524,3
2525,2
2525,4
2526,1
2526,3
2527,2
2527,4
2528,1
2528,3
2529,2
2529,4
2530,1
2530,3
2531,2
2531,4
2532,1
2532,3
2533,2
2533,4
2534,1
2534,3
2535,2
2535,4
2536,1
2536,3
2537,2
2537,4
2538,1
2538,3
2539,2
2539,4
2540,1
2540,3
2541,2
2541,4
2542,1
2542,3
2543,2
2543,4
2544,1
2544,3
2545,2
2545,4
2546,1
2546,3
2547,2
2547,4
2548,1
2548,3
2549,2
2549,4
2550,1
2550,3
2551,2
2551,4
2552,1
2552,3
2553,2
2553,4
2554,1
2554,3
2555,2
2555,4
2556,1
2556,3
2557,2
2557,4
2558,1
2558,3
2559,2
2559,4
2560,1
2560,3
2561,2
2561,4
2562,1
2562,3
2563,2
2563,4
2564,1
2564,3
2565,2
2565,4
2566,1
2566,3
2567,2
2567,4
2568,1
2568,3
2569,2
2569,4
2570,1
2570,3
2571,2
2571,4
2572,1
2572,3
2573,2
2573,4
2574,1
2574,3
2575,2
2575,4
2576,1
2576,3
2577,2
2577,4
2578,1
2578,3
2579,2
2579,4
2580,1
2580,3
2581,2
2581,4
2582,1
2582,3
2583,2
2583,4
2584,1
2584,3
2585,2
2585,4
2586,1
2586,3
2587,2
2587,4
2588,1
2588,3
2589,2
2589,4
2590,1
2590,3
2591,2
2591,4
2592,1
2592,3
2593,2
2593,4
2594,1
2594,3
2595,2
2595,4
2596,1
2596,3
2597,2
2597,4
2598,1
2598,3
2599,2
2599,4
2600,1
2600,3
2601,2
2601,4
2602,1
2602,3
2603,2
2603,4
2604,1
2604,3
2605,2
2605,4
2606,1
2606,3
2607,2
2607,4
2608,1
2608,3
2609,2
2609,4
2610,1
2610,3
2611,2
2611,4
2612,1
2612,3
2613,2
2613,4
2614,1
2614,3
2615,2
2615,4
2616,1
2616,3
2617,2
2617,4
2618,1
2618,3
2619,2
2619,4
2620,1
2620,3
2621,2
2621,4
2622,1
2622,3
2623,2
2623,4
2624,1
2624,3
2625,2
2625,4
2626,1
2626,3
2627,2
2627,4
2628,1
2628,3
2629,2
2629,4
2630,1
2630,3
2631,2
2631,4
2632,1
2632,3
2633,2
2633,4
2634,1
2634,3
2635,2
2635,4
2636,1
2636,3
2637,2
2637,4
2638,1
2638,3
2639,2
2639,4
2640,1
2640,3
2641,2
2641,4
2642,1
2642,3
2643,2
2643,4
2644,1
2644,3
2645,2
2645,4
2646,1
2646,3
2647,2
2647,4
2648,1
2648,3
2649,2
2649,4
2650,1
2650,3
2651,2
2651,4
2652,1
2652,3
2653,2
2653,4
2654,1
2654,3
2655,2
2655,4
2656,1
2656,3
2657,2
2657,4
2658,1
2658,3
2659,2
2659,4
2660,1
2660,3
2661,2
2661,4
2662,1
2662,3
2663,2
2663,4
2664,1
2664,3
2665,2
2665,4
2666,1
2666,3
2667,2
2667,4
2668,1
2668,3
2669,2
2669,4
2670,1
2670,3
2671,2
2671,4
2672,1
2672,3
2673,2
2673,4
2674,1
2674,3
2675,2
2675,4
2676,1
2676,3
2677,2
2677,4
2678,1
2678,3
2679,2
2679,4
2680,1
2680,3
2681,2
2681,4
2682,1
2682,3
2683,2
2683,4
2684,1
2684,3
2685,2
2685,4
2686,1
2686,3
2687,2
2687,4
2688,1
2688,3
2689,2
2689,4
2690,1
2690,3
2691,2
2691,4
2692,1
2692,3
2693,2
2693,4
2694,1
2694,3
2695,2
2695,4
2696,1
2696,3
2697,2
2697,4
2698,1
2698,3
2699,2
2699,4
2700,1
2700,3
2701,2
2701,4
2702,1
2702,3
2703,2
2703,4
2704,1
2704,3
2705,2
2705,4
2706,1
2706,3
2707,2
2707,4
2708,1
2708,3
2709,2
2709,4
2710,1
2710,3
2711,2
2711,4
2712,1
2712,3
2713,2
2713,4
2714,1
2714,3
2715,2
2715,4
2716,1
2716,3
2717,2
2717,4
2718,1
2718,3
2719,2
2719,4
2720,1
2720,3
2721,2
2721,4
2722,1
2722,3
2723,2
2723,4
2724,1
2724,3
2725,2
2725,4
2726,1
2726,3
2727,2
2727,4
2728,1
2728,3
2729,2
2729,4
2730,1
2730,3
2731,2
2731,4
2732,1
2732,3
2733,2
2733,4
2734,1
2734,3
2735,2
2735,4
2736,1
2736,3
2737,2
2737,4
2738,1
2738,3
2739,2
2739,4
2740,1
2740,3
2741,2
2741,4
2742,1
2742,3
2743,2
2743,4
2744,1
2744,3
2745,2
2745,4
2746,1
2746,3
2747,2
2747,4
2748,1
2748,3
2749,2
2749,4
2750,1
2750,3
2751,2
2751,4
2752,1
2752,3
2753,2
2753,4
2754,1
2754,3
2755,2
2755,4
2756,1
2756,3
2757,2
2757,4
2758,1
2758,3
2759,2
2759,4
2760,1
2760,3
2761,2
2761,4
2762,1
2762,3
2763,2
2763,4
2764,1
2764,3
2765,2
2765,4
2766,1
2766,3
2767,2
2767,4
2768,1
2768,3
2769,2
2769,4
2770,1
2770,3
2771,2
2771,4
2772,1
2772,3
2773,2
2773,4
2774,1
2774,3
2775,2
2775,4
2776,1
2776,3
2777,2
2777,4
2778,1
2778,3
2779,2
2779,4
2780,1
2780,3
2781,2
2781,4
2782,1
2782,3
2783,2
2783,4
2784,1
2784,3
2785,2
2785,4
2786,1
2786,3
2787,2
2787,4
2788,1
2788,3
2789,2
2789,4
2790,1
2790,3
2791,2
2791,4
2792,1
2792,3
2793,2
2793,4
2794,1
2794,3
2795,2
2795,4
2796,1
2796,3
2797,2
2797,4
2798,1
2798,3
2799,2
2799,4
2800,1
2800,3
2801,2
2801,4
2802,1
2802,3
2803,2
2803,4
2804,1
2804,3
2805,2
2805,4
2806,1
2806,3
2807,2
2807,4
2808,1
2808,3
2809,2
2809,4
2810,1
2810,3
2811,2
2811,4
2812,1
2812,3
2813,2
2813,4
2814,1
2814,3
2815,2
2815,4
2816,1
2816,3
2817,2
2817,4
2818,1
2818,3
2819,2
2819,4
2820,1
2820,3
2821,2
2821,4
2822,1
2822,3
2823,2
2823,4
2824,1
2824,3
2825,2
2825,4
2826,1
2826,3
2827,2
2827,4
2828,1
2828,3
2829,2
2829,4
2830,1
2830,3
2831,2
2831,4
2832,1
2832,3
2833,2
2833,4
2834,1
2834,3
2835,2
2835,4
2836,1
2836,3
2837,2
2837,4
2838,1
2838,3
2839,2
2839,4
2840,1
2840,3
2841,2
2841,4
2842,1
2842,3
2843,2
2843,4
2844,1
2844,3
2845,2
2845,4
2846,1
2846,3
2847,2
2847,4
2848,1
2848,3
2849,2
2849,4
2850,1
2850,3
2851,2
2851,4
2852,1
2852,3
2853,2
2853,4
2854,1
2854,3
2855,2
2855,4
2856,1
2856,3
2857,2
2857,4
2858,1
2858,3
2859,2
2859,4
2860,1
2860,3
2861,2
2861,4
2862,1
2862,3
2863,2
2863,4
2864,1
2864,3
2865,2
2865,4
2866,1
2866,3
2867,2
2867,4
2868,1
2868,3
2869,2
2869,4
2870,1
2870,3
2871,2
2871,4
2872,1
2872,3
2873,2
2873,4
2874,1
2874,3
2875,2
2875,4
2876,1
2876,3
2877,2
2877,4
2878,1
2878,3
2879,2
2879,4
2880,1
2880,3
2881,2
2881,4
2882,1
2882,3
2883,2
2883,4
2884,1
2884,3
2885,2
2885,4
2886,1
2886,3
2887,2
2887,4
2888,1
2888,3
2889,2
2889,4
2890,1
2890,3
2891,2
2891,4
2892,1
2892,3
2893,2
2893,4
2894,1
2894,3
2895,2
2895,4
2896,1
2896,3
2897,2
2897,4
2898,1
2898,3
2899,2
2899,4
2900,1
2900,3
2901,2
2901,4
2902,1
2902,3
2903,2
2903,4
2904,1
2904,3
2905,2
2905,4
2906,1
2906,3
2907,2
2907,4
2908,1
2908,3
2909,2
2909,4
2910,1
2910,3
2911,2
2911,4
2912,1
2912,3
2913,2
2913,4
2914,1
2914,3
2915,2
2915,4
2916,1
2916,3
2917,2
2917,4
2918,1
2918,3
2919,2
2919,4
2920,1
2920,3
2921,2
2921,4
2922,1
2922,3
2923,2
2923,4
2924,1
2924,3
2925,2
2925,4
2926,1
2926,3
2927,2
2927,4
2928,1
2928,3
2929,2
2929,4
2930,1
2930,3
2931,2
2931,4
2932,1
2932,3
2933,2
2933,4
2934,1
2934,3
2935,2
2935,4
2936,1
2936,3
2937,2
2937,4
2938,1
2938,3
2939,2
2939,4
2940,1
2940,3
2941,2
2941,4
2942,1
2942,3
2943,2
2943,4
2944,1
2944,3
2945,2
2945,4
2946,1
2946,3
2947,2
2947,4
2948,1
2948,3
2949,2
2949,4
2950,1
2950,3
2951,2
2951,4
2952,1
2952,3
2953,2
2953,4
2954,1
2954,3
2955,2
2955,4
2956,1
2956,3
2957,2
2957,4
2958,1
2958,3
2959,2
2959,4
2960,1
2960,3
2961,2
2961,4
2962,1
2962,3
2963,2
2963,4
2964,1
2964,3
2965,2
2965,4
2966,1
2966,3
2967,2
2967,4
2968,1
2968,3
2969,2
2969,4
2970,1
2970,3
2971,2
2971,4
2972,1
2972,3
2973,2
2973,4
2974,1
2974,3
2975,2
2975,4
2976,1
2976,3
2977,2
2977,4
2978,1
2978,3
2979,2
2979,4
2980,1
2980,3
2981,2
2981,4
2982,1
2982,3
2983,2
2983,4
2984,1
2984,3
2985,2
2985,4
2986,1
2986,3
2987,2
2987,4
2988,1
2988,3
2989,2
2989,4
2990,1
2990,3
2991,2
2991,4
2992,1
2992,3
2993,2
2993,4
2994,1
2994,3
2995,2
2995,4
2996,1
2996,3
2997,2
2997,4
2998,1
2998,3
2999,2
2999,4
3000,1
3000,3
3001,2
3001,4
3002,1
3002,3
3003,2
3003,4
3004,1
3004,3
3005,2
3005,4
3006,1
3006,3
3007,2
3007,4
3008,1
3008,3
3009,2
3009,4
3010,1
3010,3
3011,2
3011,4
3012,1
3012,3
3013,2
3013,4
3014,1
3014,3
3015,2
3015,4
3016,1
3016,3
3017,2
3017,4
3018,1
3018,3
3019,2
3019,4
3020,1
3020,3
3021,2
3021,4
3022,1
3022,3
3023,2
3023,4
3024,1
3024,3
3025,2
3025,4
3026,1
3026,3
3027,2
3027,4
3028,1
3028,3
3029,2
3029,4
3030,1
3030,3
3031,2
3031,4
3032,1
3032,3
3033,2
3033,4
3034,1
3034,3
3035,2
3035,4
3036,1
3036,3
3037,2
3037,4
3038,1
3038,3
3039,2
3039,4
3040,1
3040,3
3041,2
3041,4
3042,1
3042,3
3043,2
3043,4
3044,1
3044,3
3045,2
3045,4
3046,1
3046,3
3047,2
3047,4
3048,1
3048,3
3049,2
3049,4
3050,1
3050,3
3051,2
3051,4
3052,1
3052,3
3053,2
3053,4
3054,1
3054,3
3055,2
3055,4
3056,1
3056,3
3057,2
3057,4
3058,1
3058,3
3059,2
3059,4
3060,1
3060,3
3061,2
3061,4
3062,1
3062,3
3063,2
3063,4
3064,1
3064,3
3065,2
3065,4
3066,1
3066,3
3067,2
3067,4
3068,1
3068,3
3069,2
3069,4
3070,1
3070,3
3071,2
3071,4
3072,1
3072,3
3073,2
3073,4
3074,1
3074,3
3075,2
3075,4
3076,1
3076,3
3077,2
3077,4
3078,1
3078,3
3079,2
3079,4
3080,1
3080,3
3081,2
3081,4
3082,1
3082,3
3083,2
3083,4
3084,1
3084,3
3085,2
3085,4
3086,1
3086,3
3087,2
3087,4
3088,1
3088,3
3089,2
3089,4
3090,1
3090,3
3091,2
3091,4
3092,1
3092,3
3093,2
3093,4
3094,1
3094,3
3095,2
3095,4
3096,1
3096,3
3097,2
3097,4
3098,1
3098,3
3099,2
3099,4
3100,1
3100,3
3101,2
3101,4
3102,1
3102,3
3103,2
3103,4
3104,1
3104,3
3105,2
3105,4
3106,1
3106,3
3107,2
3107,4
3108,1
3108,3
3109,2
3109,4
3110,1
3110,3
3111,2
3111,4
3112,1
3112,3
3113,2
3113,4
3114,1
3114,3
3115,2
3115,4
3116,1
3116,3
3117,2
3117,4
3118,1
3118,3
3119,2
3119,4
3120,1
3120,3
3121,2
3121,4
3122,1
3122,3
3123,2
3123,4
3124,1
3124,3
3125,2
3125,4
3126,1
3126,3
3127,2
3127,4
3128,1
3128,3
3129,2
3129,4
3130,1
3130,3
3131,2
3131,4
3132,1
3132,3
3133,2
3133,4
3134,1
3134,3
3135,2
3135,4
3136,1
3136,3
3137,2
3137,4
3138,1
3138,3
3139,2
3139,4
3140,1
3140,3
3141,2
3141,4
3142,1
3142,3
3143,2
3143,4
3144,1
3144,3
3145,2
3145,4
3146,1
3146,3
3147,2
3147,4
3148,1
3148,3
3149,2
3149,4
3150,1
3150,3
3151,2
3151,4
3152,1
3152,3
3153,2
3153,4
3154,1
3154,3
3155,2
3155,4
3156,1
3156,3
3157,2
3157,4
3158,1
3158,3
3159,2
3159,4
3160,1
3160,3
3161,2
3161,4
3162,1
3162,3
3163,2
3163,4
3164,1
3164,3
3165,2
3165,4
3166,1
3166,3
3167,2
3167,4
3168,1
3168,3
3169,2
3169,4
3170,1
3170,3
3171,2
3171,4
3172,1
3172,3
3173,2
3173,4
3174,1
3174,3
3175,2
3175,4
3176,1
3176,3
3177,2
3177,4
3178,1
3178,3
3179,2
3179,4
3180,1
3180,3
3181,2
3181,4
3182,1
3182,3
3183,2
3183,4
3184,1
3184,3
3185,2
3185,4
3186,1
3186,3
3187,2
3187,4
3188,1
3188,3
3189,2
3189,4
3190,1
3190,3
3191,2
3191,4
3192,1
3192,3
3193,2
3193,4
3194,1
3194,3
3195,2
3195,4
3196,1
3196,3
3197,2
3197,4
3198,1
3198,3
3199,2
3199,4
3200,1
3200,3
3201,2
3201,4
3202,1
3202,3
3203,2
3203,4
3204,1
3204,3
3205,2
3205,4
3206,1
3206,3
3207,2
3207,4
3208,1
3208,3
3209,2
3209,4
3210,1
3210,3
3211,2
3211,4
3212,1
3212,3
3213,2
3213,4
3214,1
3214,3
3215,2
3215,4
3216,1
3216,3
3217,2
3217,4
3218,1
3218,3
3219,2
3219,4
3220,1
3220,3
3221,2
3221,4
3222,1
3222,3
3223,2
3223,4
3224,1
3224,3
3225,2
3225,4
3226,1
3226,3
3227,2
3227,4
3228,1
3228,3
3229,2
3229,4
3230,1
3230,3
3231,2
3231,4
3232,1
3232,3
3233,2
3233,4
3234,1
3234,3
3235,2
3235,4
3236,1
3236,3
3237,2
3237,4
3238,1
3238,3
3239,2
3239,4
3240,1
3240,3
3241,2
3241,4
3242,1
3242,3
3243,2
3243,4
3244,1
3244,3
3245,2
3245,4
3246,1
3246,3
3247,2
3247,4
3248,1
3248,3
3249,2
3249,4
3250,1
3250,3
3251,2
3251,4
3252,1
3252,3
3253,2
3253,4
3254,1
3254,3
3255,2
3255,4
3256,1
3256,3
3257,2
3257,4
3258,1
3258,3
3259,2
3259,4
3260,1
3260,3
3261,2
3261,4
3262,1
3262,3
3263,2
3263,4
3264,1
3264,3
3265,2
3265,4
3266,1
3266,3
3267,2
3267,4
3268,1
3268,3
3269,2
3269,4
3270,1
3270,3
3271,2
3271,4
3272,1
3272,3
3273,2
3273,4
3274,1
3274,3
3275,2
3275,4
3276,1
3276,3
3277,2
3277,4
3278,1
3278,3
3279,2
3279,4
3280,1
3280,3
3281,2
3281,4
3282,1
3282,3
3283,2
3283,4
3284,1
3284,3
3285,2
3285,4
3286,1
3286,3
3287,2
3287,4
3288,1
3288,3
3289,2
3289,4
3290,1
3290,3
3291,2
3291,4
3292,1
3292,3
3293,2
3293,4
3294,1
3294,3
3295,2
3295,4
3296,1
3296,3
3297,2
3297,4
3298,1
3298,3
3299,2
3299,4
3300,1
3300,3
3301,2
3301,4
3302,1
3302,3
3303,2
3303,4
3304,1
3304,3
3305,2
3305,4
3306,1
3306,3
3307,2
3307,4
3308,1
3308,3
3309,2
3309,4
3310,1
3310,3
3311,2
3311,4
3312,1
3312,3
3313,2
3313,4
3314,1
3314,3
3315,2
3315,4
3316,1
3316,3
3317,2
3317,4
3318,1
3318,3
3319,2
3319,4
3320,1
3320,3
3321,2
3321,4
3322,1
3322,3
3323,2
3323,4
3324,1
3324,3
3325,2
3325,4
3326,1
3326,3
3327,2
3327,4
3328,1
3328,3
3329,2
3329,4
3330,1
3330,3
3331,2
3331,4
3332,1
3332,3
3333,2
3333,4
3334,1
3334,3
3335,2
3335,4
3336,1
3336,3
3337,2
3337,4
3338,1
3338,3
3339,2
3339,4
3340,1
3340,3
3341,2
3341,4
3342,1
3342,3
3343,2
3343,4
3344,1
3344,3
3345,2
3345,4
3346,1
3346,3
3347,2
3347,4
3348,1
3348,3
3349,2
3349,4
3350,1
3350,3
3351,2
3351,4
3352,1
3352,3
3353,2
3353,4
3354,1
3354,3
3355,2
3355,4
3356,1
3356,3
3357,2
3357,4
3358,1
3358,3
3359,2
3359,4
3360,1
3360,3
3361,2
3361,4
3362,1
3362,3
3363,2
3363,4
3364,1
3364,3
3365,2
3365,4
3366,1
3366,3
3367,2
3367,4
3368,1
3368,3
3369,2
3369,4
3370,1
3370,3
3371,2
3371,4
3372,1
3372,3
3373,2
3373,4
3374,1
3374,3
3375,2
3375,4
3376,1
3376,3
3377,2
3377,4
3378,1
3378,3
3379,2
3379,4
3380,1
3380,3
3381,2
3381,4
3382,1
3382,3
3383,2
3383,4
3384,1
3384,3
3385,2
3385,4
3386,1
3386,3
3387,2
3387,4
3388,1
3388,3
3389,2
3389,4
3390,1
3390,3
3391,2
3391,4
3392,1
3392,3
3393,2
3393,4
3394,1
3394,3
3395,2
3395,4
3396,1
3396,3
3397,2
3397,4
3398,1
3398,3
3399,2
3399,4
3400,1
3400,3
3401,2
3401,4
3402,1
3402,3
3403,2
3403,4
3404,1
3404,3
3405,2
3405,4
3406,1
3406,3
3407,2
3407,4
3408,1
3408,3
3409,2
3409,4
3410,1
3410,3
3411,2
3411,4
3412,1
3412,3
3413,2
3413,4
3414,1
3414,3
3415,2
3415,4
3416,1
3416,3
3417,2
3417,4
3418,1
3418,3
3419,2
3419,4
3420,1
3420,3
3421,2
3421,4
3422,1
3422,3
3423,2
3423,4
3424,1
3424,3
3425,2
3425,4
3426,1
3426,3
3427,2
3427,4
3428,1
3428,3
3429,2
3429,4
3430,1
3430,3
3431,2
3431,4
3432,1
3432,3
3433,2
3433,4
3434,1
3434,3
3435,2
3435,4
3436,1
3436,3
3437,2
3437,4
3438,1
3438,3
3439,2
3439,4
3440,1
3440,3
3441,2
3441,4
3442,1
3442,3
3443,2
3443,4
3444,1
3444,3
3445,2
3445,4
3446,1
3446,3
3447,2
3447,4
3448,1
3448,3
3449,2
3449,4
3450,1
3450,3
3451,2
3451,4
3452,1
3452,3
3453,2
3453,4
3454,1
3454,3
3455,2
3455,4
3456,1
3456,3
3457,2
3457,4
3458,1
3458,3
3459,2
3459,4
3460,1
3460,3
3461,2
3461,4
3462,1
3462,3
3463,2
3463,4
3464,1
3464,3
3465,2
3465,4
3466,1
3466,3
3467,2
3467,4
3468,1
3468,3
3469,2
3469,4
3470,1
3470,3
3471,2
3471,4
3472,1
3472,3
3473,2
3473,4
3474,1
3474,3
3475,2
3475,4
3476,1
3476,3
3477,2
3477,4
3478,1
3478,3
3479,2
3479,4
3480,1
3480,3
3481,2
3481,4
3482,1
3482,3
3483,2
3483,4
3484,1
3484,3
3485,2
3485,4
3486,1
3486,3
3487,2
3487,4
3488,1
3488,3
3489,2
3489,4
3490,1
3490,3
3491,2
3491,4
3492,1
3492,3
3493,2
3493,4
3494,1
3494,3
3495,2
3495,4
3496,1
3496,3
3497,2
3497,4
3498,1
3498,3
3499,2
3499,4
3500,1
3500,3
3501,2
3501,4
3502,1
3502,3
3503,2
3503,4
3504,1
3504,3
3505,2
3505,4
3506,1
3506,3
3507,2
3507,4
3508,1
3508,3
3509,2
3509,4
3510,1
3510,3
3511,2
3511,4
3512,1
3512,3
3513,2
3513,4
3514,1
3514,3
3515,2
3515,4
3516,1
3516,3
3517,2
3517,4
3518,1
3518,3
3519,2
3519,4
3520,1
3520,3
3521,2
3521,4
3522,1
3522,3
3523,2
3523,4
3524,1
3524,3
3525,2
3525,4
3526,1
3526,3
3527,2
3527,4
3528,1
3528,3
3529,2
3529,4
3530,1
3530,3
3531,2
3531,4
3532,1
3532,3
3533,2
3533,4
3534,1
3534,3
3535,2
3535,4
3536,1
3536,3
3537,2
3537,4
3538,1
3538,3
3539,2
3539,4
3540,1
3540,3
3541,2
3541,4
3542,1
3542,3
3543,2
3543,4
3544,1
3544,3
3545,2
3545,4
3546,1
3546,3
3547,2
3547,4
3548,1
3548,3
3549,2
3549,4
3550,1
3550,3
3551,2
3551,4
3552,1
3552,3
3553,2
3553,4
3554,1
3554,3
3555,2
3555,4
3556,1
3556,3
3557,2
3557,4
3558,1
3558,3
3559,2
3559,4
3560,1
3560,3
3561,2
3561,4
3562,1
3562,3
3563,2
3563,4
3564,1
3564,3
3565,2
3565,4
3566,1
3566,3
3567,2
3567,4
3568,1
3568,3
3569,2
3569,4
3570,1
3570,3
3571,2
3571,4
3572,1
3572,3
3573,2
3573,4
3574,1
3574,3
3575,2
3575,4
3576,1
3576,3
3577,2
3577,4
3578,1
3578,3
3579,2
3579,4
3580,1
3580,3
3581,2
3581,4
3582,1
3582,3
3583,2
3583,4
3584,1
3584,3
3585,2
3585,4
3586,1
3586,3
3587,2
3587,4
3588,1
3588,3
3589,2
3589,4
3590,1
3590,3
3591,2
3591,4
3592,1
3592,3
3593,2
3593,4
3594,1
3594,3
3595,2
3595,4
3596,1
3596,3
3597,2
3597,4
3598,1
3598,3
3599,2
3599,4
3600,1
3600,3
3601,2
3601,4
3602,1
3602,3
3603,2
3603,4
3604,1
3604,3
3605,2
3605,4
3606,1
3606,3
3607,2
3607,4
3608,1
3608,3
3609,2
3609,4
3610,1
3610,3
3611,2
3611,4
3612,1
3612,3
3613,2
3613,4
3614,1
3614,3
3615,2
3615,4
3616,1
3616,3
3617,2
3617,4
3618,1
3618,3
3619,2
3619,4
3620,1
3620,3
3621,2
3621,4
3622,1
3622,3
3623,2
3623,4
3624,1
3624,3
3625,2
3625,4
3626,1
3626,3
3627,2
3627,4
3628,1
3628,3
3629,2
3629,4
3630,1
3630,3
3631,2
3631,4
3632,1
3632,3
3633,2
3633,4
3634,1
3634,3
3635,2
3635,4
3636,1
3636,3
3637,2
3637,4
3638,1
3638,3
3639,2
3639,4
3640,1
3640,3
3641,2
3641,4
3642,1
3642,3
3643,2
3643,4
3644,1
3644,3
3645,2
3645,4
3646,1
3646,3
3647,2
3647,4
3648,1
3648,3
3649,2
3649,4
3650,1
3650,3
3651,2
3651,4
3652,1
3652,3
3653,2
3653,4
3654,1
3654,3
3655,2
3655,4
3656,1
3656,3
3657,2
3657,4
3658,1
3658,3
3659,2
3659,4
3660,1
3660,3
3661,2
3661,4
3662,1
3662,3
3663,2
3663,4
3664,1
3664,3
3665,2
3665,4
3666,1
3666,3
3667,2
3667,4
3668,1
3668,3
3669,2
3669,4
3670,1
3670,3
3671,2
3671,4
3672,1
3672,3
3673,2
3673,4
3674,1
3674,3
3675,2
3675,4
3676,1
3676,3
3677,2
3677,4
3678,1
3678,3
3679,2
3679,4
3680,1
3680,3
3681,2
3681,4
3682,1
3682,3
3683,2
3683,4
3684,1
3684,3
3685,2
3685,4
3686,1
3686,3
3687,2
3687,4
3688,1
3688,3
3689,2
3689,4
3690,1
3690,3
3691,2
3691,4
3692,1
3692,3
3693,2
3693,4
3694,1
3694,3
3695,2
3695,4
3696,1
3696,3
3697,2
3697,4
3698,1
3698,3
3699,2
3699,4
3700,1
3700,3
3701,2
3701,4
3702,1
3702,3
3703,2
3703,4
3704,1
3704,3
3705,2
3705,4
3706,1
3706,3
3707,2
3707,4
3708,1
3708,3
3709,2
3709,4
3710,1
3710,3
3711,2
3711,4
3712,1
3712,3
3713,2
3713,4
3714,1
3714,3
3715,2
3715,4
3716,1
3716,3
3717,2
3717,4
3718,1
3718,3
3719,2
3719,4
3720,1
3720,3
3721,2
3721,4
3722,1
3722,3
3723,2
3723,4
3724,1
3724,3
3725,2
3725,4
3726,1
3726,3
3727,2
3727,4
3728,1
3728,3
3729,2
3729,4
3730,1
3730,3
3731,2
3731,4
3732,1
3732,3
3733,2
3733,4
3734,1
3734,3
3735,2
3735,4
3736,1
3736,3
3737,2
3737,4
3738,1
3738,3
3739,2
3739,4
3740,1
3740,3
3741,2
3741,4
3742,1
3742,3
3743,2
3743,4
3744,1
3744,3
3745,2
3745,4
3746,1
3746,3
3747,2
3747,4
3748,1
3748,3
3749,2
3749,4
3750,1
3750,3
3751,2
3751,4
3752,1
3752,3
3753,2
3753,4
3754,1
3754,3
3755,2
3755,4
3756,1
3756,3
3757,2
3757,4
3758,1
3758,3
3759,2
3759,4
3760,1
3760,3
3761,2
3761,4
3762,1
3762,3
3763,2
3763,4
3764,1
3764,3
3765,2
3765,4
3766,1
3766,3
3767,2
3767,4
3768,1
3768,3
3769,2
3769,4
3770,1
3770,3
3771,2
3771,4
3772,1
3772,3
3773,2
3773,4
3774,1
3774,3
3775,2
3775,4
3776,1
3776,3
3777,2
3777,4
3778,1
3778,3
3779,2
3779,4
3780,1
3780,3
3781,2
3781,4
3782,1
3782,3
3783,2
3783,4
3784,1
3784,3
3785,2
3785,4
3786,1
3786,3
3787,2
3787,4
3788,1
3788,3
3789,2
3789,4
3790,1
3790,3
3791,2
3791,4
3792,1
3792,3
3793,2
3793,4
3794,1
3794,3
3795,2
3795,4
3796,1
3796,3
3797,2
3797,4
3798,1
3798,3
3799,2
3799,4
3800,1
3800,3
3801,2
3801,4
3802,1
3802,3
3803,2
3803,4
3804,1
3804,3
3805,2
3805,4
3806,1
3806,3
3807,2
3807,4
3808,1
3808,3
3809,2
3809,4
3810,1
3810,3
3811,2
3811,4
3812,1
3812,3
3813,2
3813,4
3814,1
3814,3
3815,2
3815,4
3816,1
3816,3
3817,2
3817,4
3818,1
3818,3
3819,2
3819,4
3820,1
3820,3
3821,2
3821,4
3822,1
3822,3
3823,2
3823,4
3824,1
3824,3
3825,2
3825,4
3826,1
3826,3
3827,2
3827,4
3828,1
3828,3
3829,2
3829,4
3830,1
3830,3
3831,2
3831,4
3832,1
3832,3
3833,2
3833,4
3834,1
3834,3
3835,2
3835,4
3836,1
3836,3
3837,2
3837,4
3838,1
3838,3
3839,2
3839,4
3840,1
3840,3
3841,2
3841,4
3842,1
3842,3
3843,2
3843,4
3844,1
3844,3
3845,2
3845,4
3846,1
3846,3
3847,2
3847,4
3848,1
3848,3
3849,2
3849,4
3850,1
3850,3
3851,2
3851,4
3852,1
3852,3
3853,2
3853,4
3854,1
3854,3
3855,2
3855,4
3856,1
3856,3
3857,2
3857,4
3858,1
3858,3
3859,2
3859,4
3860,1
3860,3
3861,2
3861,4
3862,1
3862,3
3863,2
3863,4
3864,1
3864,3
3865,2
3865,4
3866,1
3866,3
3867,2
3867,4
3868,1
3868,3
3869,2
3869,4
3870,1
3870,3
3871,2
3871,4
3872,1
3872,3
3873,2
3873,4
3874,1
3874,3
3875,2
3875,4
3876,1
3876,3
3877,2
3877,4
3878,1
3878,3
3879,2
3879,4
3880,1
3880,3
3881,2
3881,4
3882,1
3882,3
3883,2
3883,4
3884,1
3884,3
3885,2
3885,4
3886,1
3886,3
3887,2
3887,4
3888,1
3888,3
3889,2
3889,4
3890,1
3890,3
3891,2
3891,4
3892,1
3892,3
3893,2
3893,4
3894,1
3894,3
3895,2
3895,4
3896,1
3896,3
3897,2
3897,4
3898,1
3898,3
3899,2
3899,4
3900,1
3900,3
3901,2
3901,4
3902,1
3902,3
3903,2
3903,4
3904,1
3904,3
3905,2
3905,4
3906,1
3906,3
3907,2
3907,4
3908,1
3908,3
3909,2
3909,4
3910,1
3910,3
3911,2
3911,4
3912,1
3912,3
3913,2
3913,4
3914,1
3914,3
3915,2
3915,4
3916,1
3916,3
3917,2
3917,4
3918,1
3918,3
3919,2
3919,4
3920,1
3920,3
3921,2
3921,4
3922,1
3922,3
3923,2
3923,4
3924,1
3924,3
3925,2
3925,4
3926,1
3926,3
3927,2
3927,4
3928,1
3928,3
3929,2
3929,4
3930,1
3930,3
3931,2
3931,4
3932,1
3932,3
3933,2
3933,4
3934,1
3934,3
3935,2
3935,4
3936,1
3936,3
3937,2
3937,4
3938,1
3938,3
3939,2
3939,4
3940,1
3940,3
3941,2
3941,4
3942,1
3942,3
3943,2
3943,4
3944,1
3944,3
3945,2
3945,4
3946,1
3946,3
3947,2
3947,4
3948,1
3948,3
3949,2
3949,4
3950,1
3950,3
3951,2
3951,4
3952,1
3952,3
3953,2
3953,4
3954,1
3954,3
3955,2
3955,4
3956,1
3956,3
3957,2
3957,4
3958,1
3958,3
3959,2
3959,4
3960,1
3960,3
3961,2
3961,4
3962,1
3962,3
3963,2
3963,4
3964,1
3964,3
3965,2
3965,4
3966,1
3966,3
3967,2
3967,4
3968,1
3968,3
3969,2
3969,4
3970,1
3970,3
3971,2
3971,4
3972,1
3972,3
3973,2
3973,4
3974,1
3974,3
3975,2
3975,4
3976,1
3976,3
3977,2
3977,4
3978,1
3978,3
3979,2
3979,4
3980,1
3980,3
3981,2
3981,4
3982,1
3982,3
3983,2
3983,4
3984,1
3984,3
3985,2
3985,4
3986,1
3986,3
3987,2
3987,4
3988,1
3988,3
3989,2
3989,4
3990,1
3990,3
3991,2
3991,4
3992,1
3992,3
3993,2
3993,4
3994,1
3994,3
3995,2
3995,4
3996,1
3996,3
3997,2
3997,4
3998,1
3998,3
3999,2
3999,4
4000,1
4000,3
4001,2
4001,4
4002,1
4002,3
4003,2
4003,4
4004,1
4004,3
4005,2
4005,4
4006,1
4006,3
4007,2
4007,4
4008,1
4008,3
4009,2
4009,4
4010,1
4010,3
4011,2
4011,4
4012,1
4012,3
4013,2
4013,4
4014,1
4014,3
4015,2
4015,4
4016,1
4016,3
4017,2
4017,4
4018,1
4018,3
4019,2
4019,4
4020,1
4020,3
4021,2
4021,4
4022,1
4022,3
4023,2
4023,4
4024,1
4024,3
4025,2
4025,4
4026,1
4026,3
4027,2
4027,4
4028,1
4028,3
4029,2
4029,4
4030,1
4030,3
4031,2
4031,4
4032,1
4032,3
4033,2
4033,4
4034,1
4034,3
4035,2
4035,4
4036,1
4036,3
4037,2
4037,4
4038,1
4038,3
4039,2
4039,4
4040,1
4040,3
4041,2
4041,4
4042,1
4042,3
4043,2
4043,4
4044,1
4044,3
4045,2
4045,4
4046,1
4046,3
4047,2
4047,4
4048,1
4048,3
4049,2
4049,4
4050,1
4050,3
4051,2
4051,4
4052,1
4052,3
4053,2
4053,4
4054,1
4054,3
4055,2
4055,4
4056,1
4056,3
4057,2
4057,4
4058,1
4058,3
4059,2
4059,4
4060,1
4060,3
4061,2
4061,4
4062,1
4062,3
4063,2
4063,4
4064,1
4064,3
4065,2
4065,4
4066,1
4066,3
4067,2
4067,4
4068,1
4068,3
4069,2
4069,4
4070,1
4070,3
4071,2
4071,4
4072,1
4072,3
4073,2
4073,4
4074,1
4074,3
4075,2
4075,4
4076,1
4076,3
4077,2
4077,4
4078,1
4078,3
4079,2
4079,4
4080,1
4080,3
4081,2
4081,4
4082,1
4082,3
4083,2
4083,4
4084,1
4084,3
4085,2
4085,4
4086,1
4086,3
4087,2
4087,4
4088,1
4088,3
4089,2
4089,4
4090,1
4090,3
4091,2
4091,4
4092,1
4092,3
4093,2
4093,4
4094,1
4094,3
4095,2
4095,4
4096,1
4096,3
4097,2
4097,4
4098,1
4098,3
4099,2
4099,4
4100,1
4100,3
4101,2
4101,4
4102,1
4102,3
4103,2
4103,4
4104,1
4104,3
4105,2
4105,4
4106,1
4106,3
4107,2
4107,4
4108,1
4108,3
4109,2
4109,4
4110,1
4110,3
4111,2
4111,4
4112,1
4112,3
4113,2
4113,4
4114,1
4114,3
4115,2
4115,4
4116,1
4116,3
4117,2
4117,4
4118,1
4118,3
4119,2
4119,4
4120,1
4120,3
4121,2
4121,4
4122,1
4122,3
4123,2
4123,4
4124,1
4124,3
4125,2
4125,4
4126,1
4126,3
4127,2
4127,4
4128,1
4128,3
4129,2
4129,4
4130,1
4130,3
4131,2
4131,4
4132,1
4132,3
4133,2
4133,4
4134,1
4134,3
4135,2
4135,4
4136,1
4136,3
4137,2
4137,4
4138,1
4138,3
4139,2
4139,4
4140,1
4140,3
4141,2
4141,4
4142,1
4142,3
4143,2
4143,4
4144,1
4144,3
4145,2
4145,4
4146,1
4146,3
4147,2
4147,4
4148,1
4148,3
4149,2
4149,4
4150,1
4150,3
4151,2
4151,4
4152,1
4152,3
4153,2
4153,4
4154,1
4154,3
4155,2
4155,4
4156,1
4156,3
4157,2
4157,4
4158,1
4158,3
4159,2
4159,4
4160,1
4160,3
4161,2
4161,4
4162,1
4162,3
4163,2
4163,4
4164,1
4164,3
4165,2
4165,4
4166,1
4166,3
4167,2
4167,4
4168,1
4168,3
4169,2
4169,4
4170,1
4170,3
4171,2
4171,4
4172,1
4172,3
4173,2
4173,4
4174,1
4174,3
4175,2
4175,4
4176,1
4176,3
4177,2
4177,4
4178,1
4178,3
4179,2
4179,4
4180,1
4180,3
4181,2
4181,4
4182,1
4182,3
4183,2
4183,4
4184,1
4184,3
4185,2
4185,4
4186,1
4186,3
4187,2
4187,4
4188,1
4188,3
4189,2
4189,4
4190,1
4190,3
4191,2
4191,4
4192,1
4192,3
4193,2
4193,4
4194,1
4194,3
4195,2
4195,4
4196,1
4196,3
4197,2
4197,4
4198,1
4198,3
4199,2
4199,4
4200,1
4200,3
4201,2
4201,4
4202,1
4202,3
4203,2
4203,4
4204,1
4204,3
4205,2
4205,4
4206,1
4206,3
4207,2
4207,4
4208,1
4208,3
4209,2
4209,4
4210,1
4210,3
4211,2
4211,4
4212,1
4212,3
4213,2
4213,4
4214,1
4214,3
4215,2
4215,4
4216,1
4216,3
4217,2
4217,4
4218,1
4218,3
4219,2
4219,4
4220,1
4220,3
4221,2
4221,4
4222,1
4222,3
4223,2
4223,4
4224,1
4224,3
4225,2
4225,4
4226,1
4226,3
4227,2
4227,4
4228,1
4228,3
4229,2
4229,4
4230,1
4230,3
4231,2
4231,4
4232,1
4232,3
4233,2
4233,4
4234,1
4234,3
4235,2
4235,4
4236,1
4236,3
4237,2
4237,4
4238,1
4238,3
4239,2
4239,4
4240,1
4240,3
4241,2
4241,4
4242,1
4242,3
4243,2
4243,4
4244,1
4244,3
4245,2
4245,4
4246,1
4246,3
4247,2
4247,4
4248,1
4248,3
4249,2
4249,4
4250,1
4250,3
4251,2
4251,4
4252,1
4252,3
4253,2
4253,4
4254,1
4254,3
4255,2
4255,4
4256,1
4256,3
4257,2
4257,4
4258,1
4258,3
4259,2
4259,4
4260,1
4260,3
4261,2
4261,4
4262,1
4262,3
4263,2
4263,4
4264,1
4264,3
4265,2
4265,4
4266,1
4266,3
4267,2
4267,4
4268,1
4268,3
4269,2
4269,4
4270,1
4270,3
4271,2
4271,4
4272,1
4272,3
4273,2
4273,4
4274,1
4274,3
4275,2
4275,4
4276,1
4276,3
4277,2
4277,4
4278,1
4278,3
4279,2
4279,4
4280,1
4280,3
4281,2
4281,4
4282,1
4282,3
4283,2
4283,4
4284,1
4284,3
4285,2
4285,4
4286,1
4286,3
4287,2
4287,4
4288,1
4288,3
4289,2
4289,4
4290,1
4290,3
4291,2
4291,4
4292,1
4292,3
4293,2
4293,4
4294,1
4294,3
4295,2
4295,4
4296,1
4296,3
4297,2
4297,4
4298,1
4298,3
4299,2
4299,4
4300,1
4300,3
4301,2
4301,4
4302,1
4302,3
4303,2
4303,4
4304,1
4304,3
4305,2
4305,4
4306,1
4306,3
4307,2
4307,4
4308,1
4308,3
4309,2
4309,4
4310,1
4310,3
4311,2
4311,4
4312,1
4312,3
4313,2
4313,4
4314,1
4314,3
4315,2
4315,4
4316,1
4316,3
4317,2
4317,4
4318,1
4318,3
4319,2
4319,4
4320,1
4320,3
4321,2
4321,4
4322,1
4322,3
4323,2
4323,4
4324,1
4324,3
4325,2
4325,4
4326,1
4326,3
4327,2
4327,4
4328,1
4328,3
4329,2
4329,4
4330,1
4330,3
4331,2
4331,4
4332,1
4332,3
4333,2
4333,4
4334,1
4334,3
4335,2
4335,4
4336,1
4336,3
4337,2
4337,4
4338,1
4338,3
4339,2
4339,4
4340,1
4340,3
4341,2
4341,4
4342,1
4342,3
4343,2
4343,4
4344,1
4344,3
4345,2
4345,4
4346,1
4346,3
4347,2
4347,4
4348,1
4348,3
4349,2
4349,4
4350,1
4350,3
4351,2
4351,4
4352,1
4352,3
4353,2
4353,4
4354,1
4354,3
4355,2
4355,4
4356,1
4356,3
4357,2
4357,4
4358,1
4358,3
4359,2
4359,4
4360,1
4360,3
4361,2
4361,4
4362,1
4362,3
4363,2
4363,4
4364,1
4364,3
4365,2
4365,4
4366,1
4366,3
4367,2
4367,4
4368,1
4368,3
4369,2
4369,4
4370,1
4370,3
4371,2
4371,4
4372,1
4372,3
4373,2
4373,4
4374,1
4374,3
4375,2
4375,4
4376,1
4376,3
4377,2
4377,4
4378,1
4378,3
4379,2
4379,4
4380,1
4380,3
4381,2
4381,4
4382,1
4382,3
4383,2
4383,4
4384,1
4384,3
4385,2
4385,4
4386,1
4386,3
4387,2
4387,4
4388,1
4388,3
4389,2
4389,4
4390,1
4390,3
4391,2
4391,4
4392,1
4392,3
4393,2
4393,4
4394,1
4394,3
4395,2
4395,4
4396,1
4396,3
4397,2
4397,4
4398,1
4398,3
4399,2
4399,4
4400,1
4400,3
4401,2
4401,4
4402,1
4402,3
4403,2
4403,4
4404,1
4404,3
4405,2
4405,4
4406,1
4406,3
4407,2
4407,4
4408,1
4408,3
4409,2
4409,4
4410,1
4410,3
4411,2
4411,4
4412,1
4412,3
4413,2
4413,4
4414,1
4414,3
4415,2
4415,4
4416,1
4416,3
4417,2
4417,4
4418,1
4418,3
4419,2
4419,4
4420,1
4420,3
4421,2
4421,4
4422,1
4422,3
4423,2
4423,4
4424,1
4424,3
4425,2
4425,4
4426,1
4426,3
4427,2
4427,4
4428,1
4428,3
4429,2
4429,4
4430,1
4430,3
4431,2
4431,4
4432,1
4432,3
4433,2
4433,4
4434,1
4434,3
4435,2
4435,4
4436,1
4436,3
4437,2
4437,4
4438,1
4438,3
4439,2
4439,4
4440,1
4440,3
4441,2
4441,4
4442,1
4442,3
4443,2
4443,4
4444,1
4444,3
4445,2
4445,4
4446,1
4446,3
4447,2
4447,4
4448,1
4448,3
4449,2
4449,4
4450,1
4450,3
4451,2
4451,4
4452,1
4452,3
4453,2
4453,4
4454,1
4454,3
4455,2
4455,4
4456,1
4456,3
4457,2
4457,4
4458,1
4458,3
4459,2
4459,4
4460,1
4460,3
4461,2
4461,4
4462,1
4462,3
4463,2
4463,4
4464,1
4464,3
4465,2
4465,4
4466,1
4466,3
4467,2
4467,4
4468,1
4468,3
4469,2
4469,4
4470,1
4470,3
4471,2
4471,4
4472,1
4472,3
4473,2
4473,4
4474,1
4474,3
4475,2
4475,4
4476,1
4476,3
4477,2
4477,4
4478,1
4478,3
4479,2
4479,4
4480,1
4480,3
4481,2
4481,4
4482,1
4482,3
4483,2
4483,4
4484,1
4484,3
4485,2
4485,4
4486,1
4486,3
4487,2
4487,4
4488,1
4488,3
4489,2
4489,4
4490,1
4490,3
4491,2
4491,4
4492,1
4492,3
4493,2
4493,4
4494,1
4494,3
4495,2
4495,4
4496,1
4496,3
4497,2
4497,4
4498,1
4498,3
4499,2
4499,4
4500,1
4500,3
4501,2
4501,4
4502,1
4502,3
4503,2
4503,4
4504,1
4504,3
4505,2
4505,4
4506,1
4506,3
4507,2
4507,4
4508,1
4508,3
4509,2
4509,4
4510,1
4510,3
4511,2
4511,4
4512,1
4512,3
4513,2
4513,4
4514,1
4514,3
4515,2
4515,4
4516,1
4516,3
4517,2
4517,4
4518,1
4518,3
4519,2
4519,4
4520,1
4520,3
4521,2
4521,4
4522,1
4522,3
4523,2
4523,4
4524,1
4524,3
4525,2
4525,4
4526,1
4526,3
4527,2
4527,4
4528,1
4528,3
4529,2
4529,4
4530,1
4530,3
4531,2
4531,4
4532,1
4532,3
4533,2
4533,4
4534,1
4534,3
4535,2
4535,4
4536,1
4536,3
4537,2
4537,4
4538,1
4538,3
4539,2
4539,4
4540,1
4540,3
4541,2
4541,4
4542,1
4542,3
4543,2
4543,4
4544,1
4544,3
4545,2
4545,4
4546,1
4546,3
4547,2
4547,4
4548,1
4548,3
4549,2
4549,4
4550,1
4550,3
4551,2
4551,4
4552,1
4552,3
4553,2
4553,4
4554,1
4554,3
4555,2
4555,4
4556,1
4556,3
4557,2
4557,4
4558,1
4558,3
4559,2
4559,4
4560,1
4560,3
4561,2
4561,4
4562,1
4562,3
4563,2
4563,4
4564,1
4564,3
4565,2
4565,4
4566,1
4566,3
4567,2
4567,4
4568,1
4568,3
4569,2
4569,4
4570,1
4570,3
4571,2
4571,4
4572,1
4572,3
4573,2
4573,4
4574,1
4574,3
4575,2
4575,4
4576,1
4576,3
4577,2
4577,4
4578,1
4578,3
4579,2
4579,4
4580,1
4580,3
4581,2
4581,4
4582,1
4582,3
4583,2
4583,4
4584,1
4584,3
4585,2
4585,4
4586,1
4586,3
4587,2
4587,4
4588,1
4588,3
4589,2
4589,4
4590,1
4590,3
4591,2
4591,4
4592,1
4592,3
4593,2
4593,4
4594,1
4594,3
4595,2
4595,4
4596,1
4596,3
4597,2
4597,4
4598,1
4598,3
4599,2
4599,4
4600,1
4600,3
4601,2
4601,4
4602,1
4602,3
4603,2
4603,4
4604,1
4604,3
4605,2
4605,4
4606,1
4606,3
4607,2
4607,4
4608,1
4608,3
4609,2
4609,4
4610,1
4610,3
4611,2
4611,4
4612,1
4612,3
4613,2
4613,4
4614,1
4614,3
4615,2
4615,4
4616,1
4616,3
4617,2
4617,4
4618,1
4618,3
4619,2
4619,4
4620,1
4620,3
4621,2
4621,4
4622,1
4622,3
4623,2
4623,4
4624,1
4624,3
4625,2
4625,4
4626,1
4626,3
4627,2
4627,4
4628,1
4628,3
4629,2
4629,4
4630,1
4630,3
4631,2
4631,4
4632,1
4632,3
4633,2
4633,4
4634,1
4634,3
4635,2
4635,4
4636,1
4636,3
4637,2
4637,4
4638,1
4638,3
4639,2
4639,4
4640,1
4640,3
4641,2
4641,4
4642,1
4642,3
4643,2
4643,4
4644,1
4644,3
4645,2
4645,4
4646,1
4646,3
4647,2
4647,4
4648,1
4648,3
4649,2
4649,4
4650,1
4650,3
4651,2
4651,4
4652,1
4652,3
4653,2
4653,4
4654,1
4654,3
4655,2
4655,4
4656,1
4656,3
4657,2
4657,4
4658,1
4658,3
4659,2
4659,4
4660,1
4660,3
4661,2
4661,4
4662,1
4662,3
4663,2
4663,4
4664,1
4664,3
4665,2
4665,4
4666,1
4666,3
4667,2
4667,4
4668,1
4668,3
4669,2
4669,4
4670,1
4670,3
4671,2
4671,4
4672,1
4672,3
4673,2
4673,4
4674,1
4674,3
4675,2
4675,4
4676,1
4676,3
4677,2
4677,4
4678,1
4678,3
4679,2
4679,4
4680,1
4680,3
4681,2
4681,4
4682,1
4682,3
4683,2
4683,4
4684,1
4684,3
4685,2
4685,4
4686,1
4686,3
4687,2
4687,4
4688,1
4688,3
4689,2
4689,4
4690,1
4690,3
4691,2
4691,4
4692,1
4692,3
4693,2
4693,4
4694,1
4694,3
4695,2
4695,4
4696,1
4696,3
4697,2
4697,4
4698,1
4698,3
4699,2
4699,4
4700,1
4700,3
4701,2
4701,4
4702,1
4702,3
4703,2
4703,4
4704,1
4704,3
4705,2
4705,4
4706,1
4706,3
4707,2
4707,4
4708,1
4708,3
4709,2
4709,4
4710,1
4710,3
4711,2
4711,4
4712,1
4712,3
4713,2
4713,4
4714,1
4714,3
4715,2
4715,4
4716,1
4716,3
4717,2
4717,4
4718,1
4718,3
4719,2
4719,4
4720,1
4720,3
4721,2
4721,4
4722,1
4722,3
4723,2
4723,4
4724,1
4724,3
4725,2
4725,4
4726,1
4726,3
4727,2
4727,4
4728,1
4728,3
4729,2
4729,4
4730,1
4730,3
4731,2
4731,4
4732,1
4732,3
4733,2
4733,4
4734,1
4734,3
4735,2
4735,4
4736,1
4736,3
4737,2
4737,4
4738,1
4738,3
4739,2
4739,4
4740,1
4740,3
4741,2
4741,4
4742,1
4742,3
4743,2
4743,4
4744,1
4744,3
4745,2
4745,4
4746,1
4746,3
4747,2
4747,4
4748,1
4748,3
4749,2
4749,4
4750,1
4750,3
4751,2
4751,4
4752,1
4752,3
4753,2
4753,4
4754,1
4754,3
4755,2
4755,4
4756,1
4756,3
4757,2
4757,4
4758,1
4758,3
4759,2
4759,4
4760,1
4760,3
4761,2
4761,4
4762,1
4762,3
4763,2
4763,4
4764,1
4764,3
4765,2
4765,4
4766,1
4766,3
4767,2
4767,4
4768,1
4768,3
4769,2
4769,4
4770,1
4770,3
4771,2
4771,4
4772,1
4772,3
4773,2
4773,4
4774,1
4774,3
4775,2
4775,4
4776,1
4776,3
4777,2
4777,4
4778,1
4778,3
4779,2
4779,4
4780,1
4780,3
4781,2
4781,4
4782,1
4782,3
4783,2
4783,4
4784,1
4784,3
4785,2
4785,4
4786,1
4786,3
4787,2
4787,4
4788,1
4788,3
4789,2
4789,4
4790,1
4790,3
4791,2
4791,4
4792,1
4792,3
4793,2
4793,4
4794,1
4794,3
4795,2
4795,4
4796,1
4796,3
4797,2
4797,4
4798,1
4798,3
4799,2
4799,4
4800,1
4800,3
4801,2
4801,4
4802,1
4802,3
4803,2
4803,4
4804,1
4804,3
4805,2
4805,4
4806,1
4806,3
4807,2
4807,4
4808,1
4808,3
4809,2
4809,4
4810,1
4810,3
4811,2
4811,4
4812,1
4812,3
4813,2
4813,4
4814,1
4814,3
4815,2
4815,4
4816,1
4816,3
4817,2
4817,4
4818,1
4818,3
4819,2
4819,4
4820,1
4820,3
4821,2
4821,4
4822,1
4822,3
4823,2
4823,4
4824,1
4824,3
4825,2
4825,4
4826,1
4826,3
4827,2
4827,4
4828,1
4828,3
4829,2
4829,4
4830,1
4830,3
4831,2
4831,4
4832,1
4832,3
4833,2
4833,4
4834,1
4834,3
4835,2
4835,4
4836,1
4836,3
4837,2
4837,4
4838,1
4838,3
4839,2
4839,4
4840,1
4840,3
4841,2
4841,4
4842,1
4842,3
4843,2
4843,4
4844,1
4844,3
4845,2
4845,4
4846,1
4846,3
4847,2
4847,4
4848,1
4848,3
4849,2
4849,4
4850,1
4850,3
4851,2
4851,4
4852,1
4852,3
4853,2
4853,4
4854,1
4854,3
4855,2
4855,4
4856,1
4856,3
4857,2
4857,4
4858,1
4858,3
4859,2
4859,4
4860,1
4860,3
4861,2
4861,4
4862,1
4862,3
4863,2
4863,4
4864,1
4864,3
4865,2
4865,4
4866,1
4866,3
4867,2
4867,4
4868,1
4868,3
4869,2
4869,4
4870,1
4870,3
4871,2
4871,4
4872,1
4872,3
4873,2
4873,4
4874,1
4874,3
4875,2
4875,4
4876,1
4876,3
4877,2
4877,4
4878,1
4878,3
4879,2
4879,4
4880,1
4880,3
4881,2
4881,4
4882,1
4882,3
4883,2
4883,4
4884,1
4884,3
4885,2
4885,4
4886,1
4886,3
4887,2
4887,4
4888,1
4888,3
4889,2
4889,4
4890,1
4890,3
4891,2
4891,4
4892,1
4892,3
4893,2
4893,4
4894,1
4894,3
4895,2
4895,4
4896,1
4896,3
4897,2
4897,4
4898,1
4898,3
4899,2
4899,4
4900,1
4900,3
4901,2
4901,4
4902,1
4902,3
4903,2
4903,4
4904,1
4904,3
4905,2
4905,4
4906,1
4906,3
4907,2
4907,4
4908,1
4908,3
4909,2
4909,4
4910,1
4910,3
4911,2
4911,4
4912,1
4912,3
4913,2
4913,4
4914,1
4914,3
4915,2
4915,4
4916,1
4916,3
4917,2
4917,4
4918,1
4918,3
4919,2
4919,4
4920,1
4920,3
4921,2
4921,4
4922,1
4922,3
4923,2
4923,4
4924,1
4924,3
4925,2
4925,4
4926,1
4926,3
4927,2
4927,4
4928,1
4928,3
4929,2
4929,4
4930,1
4930,3
4931,2
4931,4
4932,1
4932,3
4933,2
4933,4
4934,1
4934,3
4935,2
4935,4
4936,1
4936,3
4937,2
4937,4
4938,1
4938,3
4939,2
4939,4
4940,1
4940,3
4941,2
4941,4
4942,1
4942,3
4943,2
4943,4
4944,1
4944,3
4945,2
4945,4
4946,1
4946,3
4947,2
4947,4
4948,1
4948,3
4949,2
4949,4
4950,1
4950,3
4951,2
4951,4
4952,1
4952,3
4953,2
4953,4
4954,1
4954,3
4955,2
4955,4
4956,1
4956,3
4957,2
4957,4
4958,1
4958,3
4959,2
4959,4
4960,1
4960,3
4961,2
4961,4
4962,1
4962,3
4963,2
4963,4
4964,1
4964,3
4965,2
4965,4
4966,1
4966,3
4967,2
4967,4
4968,1
4968,3
4969,2
4969,4
4970,1
4970,3
4971,2
4971,4
4972,1
4972,3
4973,2
4973,4
4974,1
4974,3
4975,2
4975,4
4976,1
4976,3
4977,2
4977,4
4978,1
4978,3
4979,2
4979,4
4980,1
4980,3
4981,2
4981,4
4982,1
4982,3
4983,2
4983,4
4984,1
4984,3
4985,2
4985,4
4986,1
4986,3
4987,2
4987,4
4988,1
4988,3
4989,2
4989,4
4990,1
4990,3
4991,2
4991,4
4992,1
4992,3
4993,2
4993,4
4994,1
4994,3
4995,2
4995,4
4996,1
4996,3
4997,2
4997,4
4998,1
4998,3
4999,2
4999,4
